acc,loss,l1,l2,drop
0.4910356402397156,4.436471939086914,0.0,0.001,0.0
0.463193416595459,4.778959274291992,0.0,0.0001,0.0
