acc,loss,l1,l2,drop
0.4819658398628235,7.6701579093933105,0.0,0.01,0.0
